[
  {
    "pid": null,
    "lpSymbol": "WETH-USDC LP",
    "lpAddress": "0xf5bf0C34d3c428A74Ceb98d27d38d0036C587200",
    "quoteToken": {
      "address": "0x07865c6E87B9F70255377e024ace6630C1Eaa37F",
      "chainId": 5,
      "decimals": 6,
      "symbol": "tUSDC",
      "name": "test USD Coin"
    },
    "token": {
      "address": "0xB4FBF271143F4FBf7B91A5ded31805e42b2208d6",
      "chainId": 5,
      "decimals": 18,
      "symbol": "WETH",
      "name": "Wrapped Ether",
      "projectLink": "https://weth.io"
    }
  }
]